Name,Salary,Bonus_Salary
A,50000,55000.00000000001
B,60000,66000.0
C,70000,77000.0
D,80000,88000.0
E,90000,99000.00000000001
